{
    "$schema": "https://schema.management.azure.com/schemas/2015-01-01/deploymentParameters.json#",
    "contentVersion": "1.0.0.0",
    "parameters": {
        "jobs_pipeline_job_name": {
            "value": null
        },
        "containerapps_juridicai_api_name": {
            "value": null
        },
        "builders_artifact_buildera3f5_name": {
            "value": null
        },
        "storageAccounts_juridicai_name": {
            "value": null
        },
        "containerapps_juridicai_ollama_name": {
            "value": null
        },
        "registries_juridicaiacr_name": {
            "value": null
        },
        "managedEnvironments_managedEnvironment_iaproject_bcc7_name": {
            "value": null
        }
    }
}