{
    "$schema": "https://schema.management.azure.com/schemas/2019-04-01/deploymentTemplate.json#",
    "contentVersion": "1.0.0.0",
    "parameters": {
        "jobs_pipeline_job_name": {
            "defaultValue": "pipeline-job",
            "type": "String"
        },
        "containerapps_juridicai_api_name": {
            "defaultValue": "juridicai-api",
            "type": "String"
        },
        "builders_artifact_buildera3f5_name": {
            "defaultValue": "artifact-buildera3f5",
            "type": "String"
        },
        "storageAccounts_juridicai_name": {
            "defaultValue": "juridicai",
            "type": "String"
        },
        "containerapps_juridicai_ollama_name": {
            "defaultValue": "juridicai-ollama",
            "type": "String"
        },
        "registries_juridicaiacr_name": {
            "defaultValue": "juridicaiacr",
            "type": "String"
        },
        "managedEnvironments_managedEnvironment_iaproject_bcc7_name": {
            "defaultValue": "managedEnvironment-iaproject-bcc7",
            "type": "String"
        }
    },
    "variables": {},
    "resources": [
        {
            "type": "Microsoft.App/managedEnvironments",
            "apiVersion": "2025-02-02-preview",
            "name": "[parameters('managedEnvironments_managedEnvironment_iaproject_bcc7_name')]",
            "location": "West Europe",
            "tags": {
                "CHROMA_DB_DIR": "/data"
            },
            "properties": {
                "appLogsConfiguration": {
                    "destination": "log-analytics",
                    "logAnalyticsConfiguration": {
                        "customerId": "e9127267-742c-4bcb-93f3-1b1c56e595c7",
                        "dynamicJsonColumns": false
                    }
                },
                "zoneRedundant": false,
                "kedaConfiguration": {},
                "daprConfiguration": {},
                "customDomainConfiguration": {},
                "workloadProfiles": [
                    {
                        "workloadProfileType": "Consumption",
                        "name": "Consumption",
                        "enableFips": false
                    },
                    {
                        "workloadProfileType": "Consumption-GPU-NC8as-T4",
                        "name": "NC8as-T4",
                        "enableFips": false
                    }
                ],
                "peerAuthentication": {
                    "mtls": {
                        "enabled": false
                    }
                },
                "peerTrafficConfiguration": {
                    "encryption": {
                        "enabled": false
                    }
                },
                "publicNetworkAccess": "Enabled"
            }
        },
        {
            "type": "Microsoft.ContainerRegistry/registries",
            "apiVersion": "2025-05-01-preview",
            "name": "[parameters('registries_juridicaiacr_name')]",
            "location": "westeurope",
            "sku": {
                "name": "Basic",
                "tier": "Basic"
            },
            "properties": {
                "adminUserEnabled": true,
                "policies": {
                    "quarantinePolicy": {
                        "status": "disabled"
                    },
                    "trustPolicy": {
                        "type": "Notary",
                        "status": "disabled"
                    },
                    "retentionPolicy": {
                        "days": 7,
                        "status": "disabled"
                    },
                    "exportPolicy": {
                        "status": "enabled"
                    },
                    "azureADAuthenticationAsArmPolicy": {
                        "status": "enabled"
                    },
                    "softDeletePolicy": {
                        "retentionDays": 7,
                        "status": "disabled"
                    }
                },
                "encryption": {
                    "status": "disabled"
                },
                "dataEndpointEnabled": false,
                "publicNetworkAccess": "Enabled",
                "networkRuleBypassOptions": "AzureServices",
                "networkRuleBypassAllowedForTasks": false,
                "zoneRedundancy": "Disabled",
                "anonymousPullEnabled": false,
                "metadataSearch": "Disabled",
                "roleAssignmentMode": "LegacyRegistryPermissions",
                "autoGeneratedDomainNameLabelScope": "Unsecure"
            }
        },
        {
            "type": "Microsoft.Storage/storageAccounts",
            "apiVersion": "2025-01-01",
            "name": "[parameters('storageAccounts_juridicai_name')]",
            "location": "westeurope",
            "sku": {
                "name": "Standard_LRS",
                "tier": "Standard"
            },
            "kind": "StorageV2",
            "properties": {
                "dnsEndpointType": "Standard",
                "defaultToOAuthAuthentication": false,
                "publicNetworkAccess": "Enabled",
                "allowCrossTenantReplication": false,
                "isSftpEnabled": false,
                "minimumTlsVersion": "TLS1_2",
                "allowBlobPublicAccess": true,
                "allowSharedKeyAccess": true,
                "largeFileSharesState": "Enabled",
                "isHnsEnabled": true,
                "networkAcls": {
                    "bypass": "AzureServices",
                    "virtualNetworkRules": [],
                    "ipRules": [],
                    "defaultAction": "Allow"
                },
                "supportsHttpsTrafficOnly": true,
                "encryption": {
                    "requireInfrastructureEncryption": false,
                    "services": {
                        "file": {
                            "keyType": "Account",
                            "enabled": true
                        },
                        "blob": {
                            "keyType": "Account",
                            "enabled": true
                        }
                    },
                    "keySource": "Microsoft.Storage"
                },
                "accessTier": "Cold"
            }
        },
        {
            "type": "Microsoft.App/builders",
            "apiVersion": "2025-02-02-preview",
            "name": "[parameters('builders_artifact_buildera3f5_name')]",
            "location": "West Europe",
            "dependsOn": [
                "[resourceId('Microsoft.App/managedEnvironments', parameters('managedEnvironments_managedEnvironment_iaproject_bcc7_name'))]"
            ],
            "properties": {
                "environmentId": "[resourceId('Microsoft.App/managedEnvironments', parameters('managedEnvironments_managedEnvironment_iaproject_bcc7_name'))]",
                "containerRegistries": []
            }
        },
        {
            "type": "Microsoft.App/builders/builds",
            "apiVersion": "2025-02-02-preview",
            "name": "[concat(parameters('builders_artifact_buildera3f5_name'), '/juridicai-process-build4c333')]",
            "location": "West Europe",
            "dependsOn": [
                "[resourceId('Microsoft.App/builders', parameters('builders_artifact_buildera3f5_name'))]"
            ],
            "properties": {
                "destinationContainerRegistry": {
                    "server": "default",
                    "image": "default/juridicai-process-build4c333"
                },
                "configuration": {
                    "environmentVariables": []
                }
            }
        },
        {
            "type": "Microsoft.App/builders/builds",
            "apiVersion": "2025-02-02-preview",
            "name": "[concat(parameters('builders_artifact_buildera3f5_name'), '/juridicai-process-build9ab04')]",
            "location": "West Europe",
            "dependsOn": [
                "[resourceId('Microsoft.App/builders', parameters('builders_artifact_buildera3f5_name'))]"
            ],
            "properties": {
                "destinationContainerRegistry": {
                    "server": "default",
                    "image": "default/juridicai-process-build9ab04"
                },
                "configuration": {
                    "environmentVariables": []
                }
            }
        },
        {
            "type": "Microsoft.App/containerapps",
            "apiVersion": "2025-02-02-preview",
            "name": "[parameters('containerapps_juridicai_api_name')]",
            "location": "West Europe",
            "dependsOn": [
                "[resourceId('Microsoft.App/managedEnvironments', parameters('managedEnvironments_managedEnvironment_iaproject_bcc7_name'))]"
            ],
            "tags": {
                "CHROMA_DB_DIR": "/data"
            },
            "kind": "containerapps",
            "identity": {
                "type": "None"
            },
            "properties": {
                "managedEnvironmentId": "[resourceId('Microsoft.App/managedEnvironments', parameters('managedEnvironments_managedEnvironment_iaproject_bcc7_name'))]",
                "environmentId": "[resourceId('Microsoft.App/managedEnvironments', parameters('managedEnvironments_managedEnvironment_iaproject_bcc7_name'))]",
                "workloadProfileName": "Consumption",
                "configuration": {
                    "secrets": [
                        {
                            "name": "reg-pswd-9a8afa89-918c"
                        },
                        {
                            "name": "yassask"
                        }
                    ],
                    "activeRevisionsMode": "Single",
                    "ingress": {
                        "external": true,
                        "targetPort": 8000,
                        "exposedPort": 0,
                        "transport": "Auto",
                        "traffic": [
                            {
                                "weight": 100,
                                "latestRevision": true
                            }
                        ],
                        "allowInsecure": false,
                        "stickySessions": {
                            "affinity": "none"
                        }
                    },
                    "registries": [
                        {
                            "server": "juridicaiacr.azurecr.io",
                            "username": "juridicaiacr",
                            "passwordSecretRef": "reg-pswd-9a8afa89-918c"
                        }
                    ],
                    "identitySettings": [],
                    "maxInactiveRevisions": 100
                },
                "template": {
                    "containers": [
                        {
                            "image": "[concat('juridicaiacr.azurecr.io/', parameters('containerapps_juridicai_api_name'), ':v1')]",
                            "imageType": "ContainerImage",
                            "name": "[parameters('containerapps_juridicai_api_name')]",
                            "env": [
                                {
                                    "name": "AZURE_STORAGE_ACCOUNT",
                                    "value": "juridicai"
                                },
                                {
                                    "name": "STORAGE_FILESYSTEM",
                                    "value": "data"
                                },
                                {
                                    "name": "AZURE_STORAGE_KEY",
                                    "secretRef": "yassask"
                                },
                                {
                                    "name": "OLLAMA_HOST",
                                    "value": "https://juridicai-ollama.internal.ashyplant-4eb87a1a.westeurope.azurecontainerapps.io"
                                }
                            ],
                            "resources": {
                                "cpu": 0.75,
                                "memory": "1.5Gi"
                            },
                            "probes": []
                        }
                    ],
                    "scale": {
                        "minReplicas": 1,
                        "maxReplicas": 3,
                        "cooldownPeriod": 300,
                        "pollingInterval": 30,
                        "rules": [
                            {
                                "name": "http-scaler",
                                "http": {
                                    "metadata": {
                                        "concurrentRequests": "10"
                                    }
                                }
                            }
                        ]
                    },
                    "volumes": []
                }
            }
        },
        {
            "type": "Microsoft.App/containerapps",
            "apiVersion": "2025-02-02-preview",
            "name": "[parameters('containerapps_juridicai_ollama_name')]",
            "location": "West Europe",
            "dependsOn": [
                "[resourceId('Microsoft.App/managedEnvironments', parameters('managedEnvironments_managedEnvironment_iaproject_bcc7_name'))]"
            ],
            "tags": {
                "CHROMA_DB_DIR": "/data"
            },
            "kind": "containerapps",
            "identity": {
                "type": "None"
            },
            "properties": {
                "managedEnvironmentId": "[resourceId('Microsoft.App/managedEnvironments', parameters('managedEnvironments_managedEnvironment_iaproject_bcc7_name'))]",
                "environmentId": "[resourceId('Microsoft.App/managedEnvironments', parameters('managedEnvironments_managedEnvironment_iaproject_bcc7_name'))]",
                "workloadProfileName": "NC8as-T4",
                "configuration": {
                    "activeRevisionsMode": "Single",
                    "ingress": {
                        "external": false,
                        "targetPort": 11434,
                        "exposedPort": 0,
                        "transport": "Auto",
                        "traffic": [
                            {
                                "weight": 100,
                                "latestRevision": true
                            }
                        ],
                        "allowInsecure": false,
                        "clientCertificateMode": "Ignore",
                        "stickySessions": {
                            "affinity": "none"
                        }
                    },
                    "identitySettings": [],
                    "maxInactiveRevisions": 100
                },
                "template": {
                    "containers": [
                        {
                            "image": "docker.io/ollama/ollama:latest",
                            "imageType": "ContainerImage",
                            "name": "[parameters('containerapps_juridicai_ollama_name')]",
                            "resources": {
                                "cpu": 8,
                                "memory": "56Gi"
                            },
                            "probes": []
                        }
                    ],
                    "scale": {
                        "minReplicas": 1,
                        "maxReplicas": 1,
                        "cooldownPeriod": 300,
                        "pollingInterval": 30
                    },
                    "volumes": []
                }
            }
        },
        {
            "type": "Microsoft.App/jobs",
            "apiVersion": "2025-02-02-preview",
            "name": "[parameters('jobs_pipeline_job_name')]",
            "location": "West Europe",
            "dependsOn": [
                "[resourceId('Microsoft.App/managedEnvironments', parameters('managedEnvironments_managedEnvironment_iaproject_bcc7_name'))]"
            ],
            "tags": {
                "CHROMA_DB_DIR": "/data"
            },
            "identity": {
                "type": "None"
            },
            "properties": {
                "environmentId": "[resourceId('Microsoft.App/managedEnvironments', parameters('managedEnvironments_managedEnvironment_iaproject_bcc7_name'))]",
                "workloadProfileName": "Consumption",
                "configuration": {
                    "secrets": [
                        {
                            "name": "reg-pswd-6d9655fd-ba3d"
                        },
                        {
                            "name": "yassask"
                        }
                    ],
                    "triggerType": "Schedule",
                    "replicaTimeout": 1800,
                    "replicaRetryLimit": 0,
                    "scheduleTriggerConfig": {
                        "replicaCompletionCount": 1,
                        "cronExpression": "0 20 * * 3",
                        "parallelism": 1
                    },
                    "registries": [
                        {
                            "server": "juridicaiacr.azurecr.io",
                            "username": "juridicaiacr",
                            "passwordSecretRef": "reg-pswd-6d9655fd-ba3d"
                        }
                    ],
                    "identitySettings": []
                },
                "template": {
                    "containers": [
                        {
                            "image": "juridicaiacr.azurecr.io/juridicai-pipeline:v1",
                            "imageType": "ContainerImage",
                            "name": "[parameters('jobs_pipeline_job_name')]",
                            "command": [],
                            "args": [],
                            "env": [
                                {
                                    "name": "AZURE_STORAGE_ACCOUNT",
                                    "value": "juridicai"
                                },
                                {
                                    "name": "STORAGE_FILESYSTEM",
                                    "value": "data"
                                },
                                {
                                    "name": "AZURE_STORAGE_KEY",
                                    "secretRef": "yassask"
                                }
                            ],
                            "resources": {
                                "cpu": 1,
                                "memory": "2Gi"
                            },
                            "probes": []
                        }
                    ]
                }
            }
        },
        {
            "type": "Microsoft.ContainerRegistry/registries/scopeMaps",
            "apiVersion": "2025-05-01-preview",
            "name": "[concat(parameters('registries_juridicaiacr_name'), '/_repositories_admin')]",
            "dependsOn": [
                "[resourceId('Microsoft.ContainerRegistry/registries', parameters('registries_juridicaiacr_name'))]"
            ],
            "properties": {
                "description": "Can perform all read, write and delete operations on the registry",
                "actions": [
                    "repositories/*/metadata/read",
                    "repositories/*/metadata/write",
                    "repositories/*/content/read",
                    "repositories/*/content/write",
                    "repositories/*/content/delete"
                ]
            }
        },
        {
            "type": "Microsoft.ContainerRegistry/registries/scopeMaps",
            "apiVersion": "2025-05-01-preview",
            "name": "[concat(parameters('registries_juridicaiacr_name'), '/_repositories_pull')]",
            "dependsOn": [
                "[resourceId('Microsoft.ContainerRegistry/registries', parameters('registries_juridicaiacr_name'))]"
            ],
            "properties": {
                "description": "Can pull any repository of the registry",
                "actions": [
                    "repositories/*/content/read"
                ]
            }
        },
        {
            "type": "Microsoft.ContainerRegistry/registries/scopeMaps",
            "apiVersion": "2025-05-01-preview",
            "name": "[concat(parameters('registries_juridicaiacr_name'), '/_repositories_pull_metadata_read')]",
            "dependsOn": [
                "[resourceId('Microsoft.ContainerRegistry/registries', parameters('registries_juridicaiacr_name'))]"
            ],
            "properties": {
                "description": "Can perform all read operations on the registry",
                "actions": [
                    "repositories/*/content/read",
                    "repositories/*/metadata/read"
                ]
            }
        },
        {
            "type": "Microsoft.ContainerRegistry/registries/scopeMaps",
            "apiVersion": "2025-05-01-preview",
            "name": "[concat(parameters('registries_juridicaiacr_name'), '/_repositories_push')]",
            "dependsOn": [
                "[resourceId('Microsoft.ContainerRegistry/registries', parameters('registries_juridicaiacr_name'))]"
            ],
            "properties": {
                "description": "Can push to any repository of the registry",
                "actions": [
                    "repositories/*/content/read",
                    "repositories/*/content/write"
                ]
            }
        },
        {
            "type": "Microsoft.ContainerRegistry/registries/scopeMaps",
            "apiVersion": "2025-05-01-preview",
            "name": "[concat(parameters('registries_juridicaiacr_name'), '/_repositories_push_metadata_write')]",
            "dependsOn": [
                "[resourceId('Microsoft.ContainerRegistry/registries', parameters('registries_juridicaiacr_name'))]"
            ],
            "properties": {
                "description": "Can perform all read and write operations on the registry",
                "actions": [
                    "repositories/*/metadata/read",
                    "repositories/*/metadata/write",
                    "repositories/*/content/read",
                    "repositories/*/content/write"
                ]
            }
        },
        {
            "type": "Microsoft.Storage/storageAccounts/blobServices",
            "apiVersion": "2025-01-01",
            "name": "[concat(parameters('storageAccounts_juridicai_name'), '/default')]",
            "dependsOn": [
                "[resourceId('Microsoft.Storage/storageAccounts', parameters('storageAccounts_juridicai_name'))]"
            ],
            "sku": {
                "name": "Standard_LRS",
                "tier": "Standard"
            },
            "properties": {
                "containerDeleteRetentionPolicy": {
                    "enabled": true,
                    "days": 7
                },
                "cors": {
                    "corsRules": []
                },
                "deleteRetentionPolicy": {
                    "allowPermanentDelete": false,
                    "enabled": true,
                    "days": 7
                }
            }
        },
        {
            "type": "Microsoft.Storage/storageAccounts/fileServices",
            "apiVersion": "2025-01-01",
            "name": "[concat(parameters('storageAccounts_juridicai_name'), '/default')]",
            "dependsOn": [
                "[resourceId('Microsoft.Storage/storageAccounts', parameters('storageAccounts_juridicai_name'))]"
            ],
            "sku": {
                "name": "Standard_LRS",
                "tier": "Standard"
            },
            "properties": {
                "protocolSettings": {
                    "smb": {}
                },
                "cors": {
                    "corsRules": []
                },
                "shareDeleteRetentionPolicy": {
                    "enabled": true,
                    "days": 7
                }
            }
        },
        {
            "type": "Microsoft.Storage/storageAccounts/queueServices",
            "apiVersion": "2025-01-01",
            "name": "[concat(parameters('storageAccounts_juridicai_name'), '/default')]",
            "dependsOn": [
                "[resourceId('Microsoft.Storage/storageAccounts', parameters('storageAccounts_juridicai_name'))]"
            ],
            "properties": {
                "cors": {
                    "corsRules": []
                }
            }
        },
        {
            "type": "Microsoft.Storage/storageAccounts/tableServices",
            "apiVersion": "2025-01-01",
            "name": "[concat(parameters('storageAccounts_juridicai_name'), '/default')]",
            "dependsOn": [
                "[resourceId('Microsoft.Storage/storageAccounts', parameters('storageAccounts_juridicai_name'))]"
            ],
            "properties": {
                "cors": {
                    "corsRules": []
                }
            }
        },
        {
            "type": "Microsoft.Storage/storageAccounts/blobServices/containers",
            "apiVersion": "2025-01-01",
            "name": "[concat(parameters('storageAccounts_juridicai_name'), '/default/data')]",
            "dependsOn": [
                "[resourceId('Microsoft.Storage/storageAccounts/blobServices', parameters('storageAccounts_juridicai_name'), 'default')]",
                "[resourceId('Microsoft.Storage/storageAccounts', parameters('storageAccounts_juridicai_name'))]"
            ],
            "properties": {
                "immutableStorageWithVersioning": {
                    "enabled": false
                },
                "defaultEncryptionScope": "$account-encryption-key",
                "denyEncryptionScopeOverride": false,
                "publicAccess": "None"
            }
        }
    ]
}